"Extension 1000","1000","voicemail","default","2017-07-09 10:34:26","","2017-07-09 10:34:38","12","0","ORIGINATOR_CANCEL","5bf9033d-ee4b-4663-874f-b47090e0211a","","","G722","G722"
"AmitSIPUser","1000","1002","default","2017-07-09 10:34:14","2017-07-09 10:34:25","2017-07-09 10:34:38","24","13","NORMAL_CLEARING","e852a435-b155-40e6-8ca4-68cd98e8f62d","f2f39a06-5ced-41ba-ad01-cf71d936908c","1000","G722","G722"
"AmitSIPUser","1000","1000","default","2017-07-09 10:35:58","","2017-07-09 10:36:21","23","0","ORIGINATOR_CANCEL","123fb42f-804d-4eaf-9ebc-a919a4137a36","","1000","G722","G722"
"AmitSIPUser","1000","1000","default","2017-07-09 10:36:30","","2017-07-09 10:36:50","20","0","ORIGINATOR_CANCEL","35f96174-67c2-4b43-91e4-438dbd0091b1","","1000","G722","G722"
"AmitSIPUser","1000","1002","default","2017-07-09 10:42:36","","2017-07-09 10:42:56","20","0","ORIGINATOR_CANCEL","07e9b707-92b3-4cf9-b0b6-8476902ac417","","1000","G722","G722"
"AmitSIPUser","1000","1002","default","2017-07-09 10:43:03","2017-07-09 10:43:27","2017-07-09 10:46:35","212","188","NORMAL_CLEARING","fcf5e663-98c0-4022-8d6e-91562a8bff0a","ed572f73-97f0-4f66-856f-600cbf0d0592","1000","G722","G722"
"1002","1002","*","default","2017-07-09 10:46:47","","2017-07-09 10:46:52","5","0","ORIGINATOR_CANCEL","ea36459d-14c9-4a87-a29e-499e05ebc5c5","","1002","",""
"1002","1002","*","default","2017-07-09 10:46:55","","2017-07-09 10:47:06","11","0","NORMAL_CLEARING","dcbcf9c2-e969-4f19-97ae-16293e599ee7","","1002","",""
"1002","1002","*","default","2017-07-09 10:47:17","","2017-07-09 10:47:27","10","0","NORMAL_CLEARING","79464289-2fcd-4bc0-b67a-5935fe3bbec1","","1002","",""
"AmitSIPUser","1000","1002","default","2017-07-09 10:47:11","2017-07-09 10:47:35","2017-07-09 10:48:31","80","56","NORMAL_CLEARING","f805550e-6979-4ec4-bcc6-8db558df5f16","66d9fb43-2c96-4894-870c-d438b22fd3bf","1000","G722","G722"
"1002","1002","*","default","2017-07-09 10:49:50","","2017-07-09 10:49:54","4","0","ORIGINATOR_CANCEL","b7228f8c-0555-4642-85d1-1ae4cd1695d0","","1002","",""
"1002","1002","*","default","2017-07-09 10:49:57","","2017-07-09 10:50:01","4","0","ORIGINATOR_CANCEL","c7d2cb14-9bd3-4733-b38b-79a8ecbc9560","","1002","",""
"1002","1002","*","default","2017-07-09 10:50:05","","2017-07-09 10:50:08","3","0","ORIGINATOR_CANCEL","d1d38dde-0f32-4e71-b1a4-711ba560c11b","","1002","",""
"1002","1002","*","default","2017-07-09 10:50:12","","2017-07-09 10:50:14","2","0","ORIGINATOR_CANCEL","950c4e21-34c0-4888-a465-7c59cbba495b","","1002","",""
"1002","1002","*","default","2017-07-09 13:12:30","","2017-07-09 13:12:34","4","0","ORIGINATOR_CANCEL","f3bea53a-aa9f-4bdc-996c-4c9311e62933","","1002","",""
"1002","1002","1000","default","2017-07-09 13:12:56","2017-07-09 13:13:24","2017-07-09 13:13:56","60","32","NORMAL_CLEARING","fb04e814-e38e-4454-b1e0-feaf4c4c067e","01273bf3-b80a-4532-9117-3d3f7a06036b","1002","opus","opus"
"AmitSIPUser","1000","1002","default","2017-07-09 14:00:15","2017-07-09 14:00:29","2017-07-09 14:00:34","19","5","NORMAL_CLEARING","bb098bcd-b5ac-4f74-be98-9ae8ee500758","6c613c46-efef-42ab-93c3-fa18edca68f6","1000","G722","G722"
"AmitSIPUser","1000","9198","default","2017-07-09 14:04:22","2017-07-09 14:04:32","2017-07-09 14:05:10","48","38","NORMAL_CLEARING","1580eadc-4fb9-4535-b1a5-6f47f78bca93","","1000","G722","G722"
"AmitSIPUser","1000","9196","default","2017-07-09 14:07:31","2017-07-09 14:07:42","2017-07-09 14:11:45","254","243","NORMAL_CLEARING","de292507-c920-4d79-9d0b-d884ca8f0c14","","1000","G722","G722"
"AmitSIPUser","1000","9664","default","2017-07-09 14:11:50","2017-07-09 14:12:00","2017-07-09 14:12:43","53","43","NORMAL_CLEARING","57d83baa-79f5-40ff-99bb-e92b335303aa","","1000","G722","G722"
"AmitSIPUser","1000","9196","default","2017-07-09 14:12:50","2017-07-09 14:13:01","2017-07-09 14:13:26","36","25","NORMAL_CLEARING","cd6edd4c-34f0-4de5-a4c7-77efb3b27d2f","","1000","G722","G722"
"AmitSIPUser","1000","1002","default","2017-07-09 17:13:35","2017-07-09 17:13:51","2017-07-09 17:14:02","27","11","NORMAL_CLEARING","879d9d38-ea3f-4353-af16-9dc7c8c8d235","2df2d044-f943-446b-894b-1c93ff408e83","1000","G722","G722"
"AmitSIPUser","1000","1002","default","2017-07-09 17:15:06","2017-07-09 17:15:20","2017-07-09 17:15:37","31","17","NORMAL_CLEARING","0696f13c-5ca4-40f1-a1ff-1cb121a58b81","e00d84a9-fed3-4002-86a7-21a7e7208a85","1000","G722","G722"
"AmitSIPUser","1000","1002","default","2017-07-09 17:17:15","2017-07-09 17:17:33","2017-07-09 17:17:35","20","2","NORMAL_CLEARING","ab08881f-8b17-4dae-9f03-2c17a9306a7b","307c1363-38f8-4e58-a51d-0ac0423d9119","1000","G722","G722"
"AmitSIPUser","1000","5000","default","2017-07-09 17:22:32","2017-07-09 17:22:43","2017-07-09 17:23:00","28","17","NORMAL_CLEARING","e14e8a23-4595-4cc1-b030-4f5c5c4744bb","","1000","G722","G722"
"AmitSIPUser","1000","1234*256","default","2017-07-09 17:23:16","2017-07-09 17:23:27","2017-07-09 17:23:46","30","19","NORMAL_CLEARING","1dfaa763-24e7-4b14-9aa6-c7ddfc02d95b","","1000","G722","G722"
"AmitSIPUser","1000","6001","default","2017-07-09 17:30:27","2017-07-09 17:30:37","2017-07-09 17:30:57","30","20","NORMAL_CLEARING","b1b21f71-4260-4973-8988-3b7ce12a56f7","","1000","G722","G722"
"AmitSIPUser","1000","1002","default","2017-07-09 17:28:43","2017-07-09 17:28:58","2017-07-09 17:30:59","136","121","NORMAL_CLEARING","9cada1b8-8bd2-412c-9528-799b1fe50c1b","7c5db70f-f331-4093-8ca3-56824b1d281c","1000","G722","G722"
"1002","1002","1000","default","2017-07-09 17:31:20","2017-07-09 17:31:34","2017-07-09 17:32:46","86","72","NORMAL_CLEARING","b57c4c15-6b8f-46f9-94a8-e7fe7835f527","7b8fcd87-18a9-4f4e-85d1-864be552df56","1002","opus","opus"
"Outbound Call","1000","6001","default","2017-07-09 17:31:30","2017-07-09 17:31:34","2017-07-09 17:33:23","113","109","NORMAL_CLEARING","7b8fcd87-18a9-4f4e-85d1-864be552df56","","1000","opus","opus"
"AmitSIPUser","1000","6000","default","2017-07-09 17:33:50","2017-07-09 17:34:01","2017-07-09 17:34:06","16","5","NORMAL_CLEARING","a0829516-fb9e-44a5-9360-67f810ecc71b","","1000","G722","G722"
"1002","1002","6000","default","2017-07-09 17:34:21","2017-07-09 17:34:32","2017-07-09 17:35:08","47","36","NORMAL_CLEARING","5207f9f2-0f0c-4bd4-a891-aa5af31a6fc6","","1002","opus","opus"
"AmitSIPUser","1000","3000","default","2017-07-09 17:35:49","2017-07-09 17:35:59","2017-07-09 17:36:09","20","10","NORMAL_CLEARING","36751774-cb97-4f43-bf67-2eb4a3cc725c","","1000","G722","G722"
"AmitSIPUser","1000","3000","default","2017-07-09 17:36:11","","2017-07-09 17:36:16","5","0","ORIGINATOR_CANCEL","da23d420-30b6-4d70-8050-ddb8dc553025","","1000","",""
"AmitSIPUser","1000","3000","default","2017-07-09 17:36:14","2017-07-09 17:36:24","2017-07-09 17:36:39","25","15","NORMAL_CLEARING","cc0bfa79-6e2d-4d4b-bebc-ac2cb1da58f8","","1000","G722","G722"
"AmitSIPUser","1000","9180","default","2017-07-09 17:36:43","","2017-07-09 17:37:02","19","0","ORIGINATOR_CANCEL","f61243bd-a61e-4522-bbc9-1c6d21529850","","1000","",""
"AmitSIPUser","1000","9664","default","2017-07-09 17:37:35","2017-07-09 17:37:45","2017-07-09 17:38:48","73","63","NORMAL_CLEARING","b9e8e4ab-f492-4dd0-82a0-60803ed08f7a","","1000","G722","G722"
"AmitSIPUser","1000","4000","default","2017-07-12 08:34:20","2017-07-12 08:34:30","2017-07-12 08:34:50","30","20","NORMAL_CLEARING","e462d9eb-7f9b-4425-9036-4d194a53198b","","1000","G722","G722"
"AmitSIPUser","1000","4000","default","2017-07-12 08:34:55","2017-07-12 08:35:05","2017-07-12 08:35:41","46","36","NORMAL_CLEARING","77e07e98-3c59-4d6c-a801-8bc9fae7a548","","1000","G722","G722"
"1002","1002","1100","default","2017-07-13 12:10:38","","2017-07-13 12:10:39","1","0","ORIGINATOR_CANCEL","2bd1c47f-5a3b-4a29-8dd8-b53ac2ced5f7","","1002","",""
"1002","1002","1100","default","2017-07-13 12:10:51","2017-07-13 12:11:01","2017-07-13 12:11:33","42","32","NORMAL_CLEARING","ce8f4541-2d7d-4eb5-a244-688d4497f0d5","ac9a0a90-e0fe-4959-8246-8fdee10c250f","1002","opus","opus"
"Extension 1002","1002","voicemail","default","2017-07-13 12:11:02","","2017-07-13 12:11:33","31","0","ORIGINATOR_CANCEL","9901da12-a3f7-4327-bf3f-867924822928","","","opus","opus"
"Extension 1100","1100","voicemail","default","2017-07-13 12:11:54","","2017-07-13 12:17:42","348","0","NORMAL_CLEARING","c145ac7e-e748-4ccb-a1de-da5f4cc0d015","","","G722","G722"
"AmitSIPUser","1100","1002","default","2017-07-13 12:11:35","2017-07-13 12:11:53","2017-07-13 12:17:42","367","349","NORMAL_CLEARING","bc654cad-c62e-40eb-a9c1-77634b212ca5","5c4ce767-0189-46b3-867d-44a6881d8960","1100","G722","G722"
"AmitSIPUser","1100","1002","default","2017-07-13 13:08:04","2017-07-13 13:08:32","2017-07-13 13:08:48","44","16","NORMAL_CLEARING","70e1d5b6-0592-4cb5-b10a-2b30cab546b7","f5b89d4f-65fd-4daa-a7db-fb3a10d9706e","1100","G722","G722"
"Extension 1100","1100","voicemail","default","2017-07-13 13:08:33","","2017-07-13 13:08:48","15","0","ORIGINATOR_CANCEL","096e8d9c-087a-4e5d-a774-526d9ffb986c","","","G722","G722"
"AmitSIPUser","1100","4000","default","2017-07-13 13:09:48","2017-07-13 13:09:58","2017-07-13 13:10:37","49","39","NORMAL_CLEARING","82a7bd94-5609-4c5a-a0e1-1f36dd9e19c8","","1100","G722","G722"
"AmitSIPUser","1100","433323","default","2017-07-17 08:05:00","","2017-07-17 08:05:11","11","0","NORMAL_CLEARING","5eb93642-9b94-4e6c-a99a-a1b55598e46f","","1100","",""
"AmitSIPUser","1100","433323","default","2017-07-17 08:05:23","","2017-07-17 08:05:33","10","0","NORMAL_CLEARING","0c0d8f7b-3099-4c60-aabc-cc3f2bd03cb2","","1100","",""
"AmitSIPUser","1100","1002","default","2017-07-17 08:13:29","","2017-07-17 08:13:44","15","0","ORIGINATOR_CANCEL","090beeef-964a-429d-a256-112162f6e57d","","1100","G722","G722"
"AmitSIPUser","1100","8192324","default","2017-07-18 07:41:48","","2017-07-18 07:42:32","44","0","RECOVERY_ON_TIMER_EXPIRE","ff7214e0-600d-41b9-bf57-63e0311590ce","","1100","",""
"AmitSIPUser","1100","1002","default","2017-07-18 08:12:04","","2017-07-18 08:12:21","17","0","ORIGINATOR_CANCEL","1ffe0908-ee76-4b92-88fd-fb6011336d46","","1100","G722","G722"
"AmitSIPUser","1100","918005551212","default","2017-07-18 08:30:22","","2017-07-18 08:30:33","11","0","NORMAL_CLEARING","79cf8867-5f10-4165-b091-6c6e7f22084a","","1100","",""
"AmitSIPUser","1100","98192324","default","2017-07-18 08:30:51","","2017-07-18 08:31:01","10","0","NORMAL_CLEARING","7ebe6607-63c4-4f65-bbce-b5e520881c47","","1100","",""
"AmitSIPUser","1100","918005551212","default","2017-07-18 08:34:28","","2017-07-18 08:34:31","3","0","ORIGINATOR_CANCEL","f0f792d8-f968-47cc-9c28-33b6f7ab3c71","","1100","",""
"AmitSIPUser","1100","918005551212","default","2017-07-18 08:34:51","","2017-07-18 08:35:01","10","0","INVALID_GATEWAY","591f6a67-3873-44fc-a292-429040cf0385","","1100","",""
"AmitSIPUser","1100","918005551212","default","2017-07-18 08:35:55","","2017-07-18 08:36:06","11","0","INVALID_GATEWAY","bec92ecd-566a-4d87-8cf8-27e5ac25d890","","1100","",""
"AmitSIPUser","1100","918005551212","default","2017-07-18 08:58:25","","2017-07-18 08:58:28","3","0","ORIGINATOR_CANCEL","f0773b98-b9c7-4d10-a04f-483bde824b2a","","1100","",""
"AmitSIPUser","1100","9018005551212","default","2017-07-18 08:58:37","","2017-07-18 08:58:47","10","0","NORMAL_CLEARING","cc6e7ef0-2894-4e1a-bc1c-171c84e3f1c3","","1100","",""
"AmitSIPUser","1100","918005551212","default","2017-07-18 08:59:37","","2017-07-18 08:59:47","10","0","INVALID_GATEWAY","474b3cd2-386b-48e6-bb3d-5680dc21a13f","","1100","",""
"Outbound Call","9664","voicemail","default","2017-07-19 17:24:15","","2017-07-19 17:25:30","75","0","NORMAL_CLEARING","d04c9a3a-228f-4a8b-8181-e94963466158","","","L16","L16"
"Outbound Call","9664","1000","default","2017-07-19 17:23:53","2017-07-19 17:24:04","2017-07-19 17:25:30","97","86","NORMAL_CLEARING","c19457f1-a5cb-4bb3-b11c-91b0b0eb9469","56c14e1b-bec3-4c82-bae6-7404b1951632","","L16","L16"
"","0000000000","9664","default","2017-07-19 17:23:53","2017-07-19 17:24:04","2017-07-19 17:25:30","97","86","NORMAL_CLEARING","4e91772e-b90f-4745-83fd-201f8b6e8c8f","","","L16","L16"
"Outbound Call","9664","voicemail","default","2017-07-20 21:55:20","","2017-07-20 21:56:52","92","0","NORMAL_CLEARING","bd5da2b6-511e-4f9e-8384-93ab6aec72b1","","","L16","L16"
"Outbound Call","9664","1000","default","2017-07-20 21:54:59","2017-07-20 21:55:09","2017-07-20 21:56:52","113","103","NORMAL_CLEARING","2f989dc8-f7cc-4e47-8394-5f95b87034cc","b9f27dbe-d54d-4f1f-a455-1d1495e62d31","","L16","L16"
"","0000000000","9664","default","2017-07-20 21:54:59","2017-07-20 21:55:09","2017-07-20 21:56:52","113","103","NORMAL_CLEARING","8f8fd60a-bfa8-4cc1-b19b-1b5aa5f5b23e","","","L16","L16"
"Outbound Call","9664","voicemail","default","2017-07-21 10:04:51","","2017-07-21 10:05:41","50","0","NORMAL_CLEARING","6269afc0-a619-4fee-aea0-77dee56f0e64","","","L16","L16"
"Outbound Call","9664","1100","default","2017-07-21 10:04:20","2017-07-21 10:04:31","2017-07-21 10:05:41","81","70","NORMAL_CLEARING","c353ce34-8c6f-46e9-bd11-4c6991c345fc","7f484e24-d5ac-44c6-ab79-42e2b59a3bb9","","L16","L16"
"","0000000000","9664","default","2017-07-21 10:04:20","2017-07-21 10:04:31","2017-07-21 10:05:41","81","70","NORMAL_CLEARING","42534c92-07d9-42ae-8e88-499a230f5379","","","L16","L16"
"Outbound Call","1100","9664","default","2017-07-21 10:06:49","2017-07-21 10:06:56","2017-07-21 10:07:12","23","16","NORMAL_CLEARING","8642fb24-3e08-4108-a450-c57ab552db97","","1100","opus","opus"
"AmitSIPUser","1100","1200","default","2017-07-21 10:08:45","","2017-07-21 10:08:47","2","0","ORIGINATOR_CANCEL","bc814c4d-c49b-4426-9e13-6f80b8a110ac","","1100","",""
"","0000000000","9192","default","2017-07-21 10:09:06","2017-07-21 10:09:16","2017-07-21 10:09:16","10","0","NORMAL_CLEARING","10946ae9-ad38-4ddc-b3dc-76cb75a30eee","","","L16","L16"
"Outbound Call","9192","1100","default","2017-07-21 10:09:06","2017-07-21 10:09:16","2017-07-21 10:09:16","10","0","NORMAL_CLEARING","0bb3671f-e42b-4e60-8cad-c75100712c96","","","L16","L16"
"AmitSIPUser","1100","1200","default","2017-07-21 10:10:12","","2017-07-21 10:10:13","1","0","ORIGINATOR_CANCEL","33b351c4-f4ba-4c15-9042-a3284948d243","","1100","",""
"","0000000000","4000","default","2017-07-21 10:09:40","2017-07-21 10:09:50","2017-07-21 10:10:35","55","45","NORMAL_CLEARING","bd9d00d1-70c2-4960-a13c-07fd09eeec5a","","","L16","L16"
"Outbound Call","4000","1100","default","2017-07-21 10:09:40","2017-07-21 10:09:50","2017-07-21 10:10:35","55","45","NORMAL_CLEARING","4bcf8525-bc09-4aec-8886-46d680b9965b","59dd7007-1ed1-4237-8ae9-2a269126f351","","L16","L16"
"Outbound Call","4000","voicemail","default","2017-07-21 10:10:06","","2017-07-21 10:10:35","29","0","ORIGINATOR_CANCEL","8052eb61-7a6b-4bde-816b-b0650e83343a","","","L16","L16"
"1009","1009","+441134900292","public","2017-07-25 15:39:51","","2017-07-25 15:39:51","0","0","NORMAL_CLEARING","119db739-534c-432b-8e6c-9571a7c0682b","","","",""
"1009","1009","00441134900292","public","2017-07-25 15:41:27","","2017-07-25 15:41:27","0","0","NORMAL_CLEARING","de95ecd8-2ae9-435b-9a41-3b7a3b7d847e","","","",""
"1009","1009","000441134900292","public","2017-07-25 15:43:03","","2017-07-25 15:43:03","0","0","NORMAL_CLEARING","892e9d7a-4bc3-40ed-975a-b3cacad70272","","","",""
"1009","1009","900441134900292","public","2017-07-25 15:44:39","","2017-07-25 15:44:39","0","0","NORMAL_CLEARING","03925a07-c70b-4040-b219-77a59b6a6865","","","",""
"1009","1009","011441134900292","public","2017-07-25 15:46:15","","2017-07-25 15:46:15","0","0","NORMAL_CLEARING","e586db00-0a17-463f-b77d-58d1458d5588","","","",""
"1009","1009","001441134900292","public","2017-07-25 15:47:51","","2017-07-25 15:47:51","0","0","NORMAL_CLEARING","45120650-552f-4567-8122-4f35e9b4a5fc","","","",""
"1009","1009","009441134900292","public","2017-07-25 15:49:27","","2017-07-25 15:49:27","0","0","NORMAL_CLEARING","280b84aa-9def-48a0-a9c3-54551679a391","","","",""
"1009","1009","002441134900292","public","2017-07-25 15:51:03","","2017-07-25 15:51:03","0","0","NORMAL_CLEARING","0c6e46ef-986b-43d6-8ab9-412c17e654b7","","","",""
"1009","1009","810441134900292","public","2017-07-25 15:52:39","","2017-07-25 15:52:39","0","0","NORMAL_CLEARING","c9ae5895-4b6d-4f0f-a9bf-2e1a7e1bf109","","","",""
"1009","1009","0011441134900292","public","2017-07-25 15:54:15","","2017-07-25 15:54:15","0","0","NORMAL_CLEARING","cfbe4393-d337-49f3-9363-0d48c68f009e","","","",""
"1009","1009","9900441134900292","public","2017-07-25 15:55:51","","2017-07-25 15:55:51","0","0","NORMAL_CLEARING","77a19d3b-498c-4e8f-8f5b-c3e09d67f16f","","","",""
"1009","1009","99900441134900292","public","2017-07-25 15:57:27","","2017-07-25 15:57:27","0","0","NORMAL_CLEARING","02313ac3-34e2-4b26-9d28-deb1270be6f0","","","",""
"1009","1009","999900441134900292","public","2017-07-25 15:59:03","","2017-07-25 15:59:03","0","0","NORMAL_CLEARING","65393afb-db8f-47af-9ff8-c292ba429ae9","","","",""
"1009","1009","9999900441134900292","public","2017-07-25 16:00:39","","2017-07-25 16:00:39","0","0","NORMAL_CLEARING","abd0c013-2c4d-462e-a2dd-31199e53d8ac","","","",""
"1009","1009","90000441134900292","public","2017-07-25 16:02:15","","2017-07-25 16:02:15","0","0","NORMAL_CLEARING","a4d731f7-3660-4a75-a824-1db5435c6c53","","","",""
"1009","1009","800441134900292","public","2017-07-25 16:03:51","","2017-07-25 16:03:51","0","0","NORMAL_CLEARING","72e66e51-cd62-49d1-80e8-907c24094a4d","","","",""
"1009","1009","9011441134900292","public","2017-07-25 16:05:27","","2017-07-25 16:05:27","0","0","NORMAL_CLEARING","d4526f53-79ce-427c-9612-dbca7365bbd5","","","",""
"1009","1009","9810441134900292","public","2017-07-25 16:07:03","","2017-07-25 16:07:03","0","0","NORMAL_CLEARING","f6a756c3-0d5c-4414-bed1-04c960860ffa","","","",""
"1009","1009","9001441134900292","public","2017-07-25 16:08:39","","2017-07-25 16:08:39","0","0","NORMAL_CLEARING","620a670e-cb3f-46e1-8376-79efc7075ad0","","","",""
"1009","1009","9002441134900292","public","2017-07-25 16:10:15","","2017-07-25 16:10:15","0","0","NORMAL_CLEARING","5cf0a785-e028-4872-93c8-a036a3e9d862","","","",""
"1009","1009","0001441134900292","public","2017-07-25 16:11:51","","2017-07-25 16:11:51","0","0","NORMAL_CLEARING","3f2da310-d73e-416c-a44d-40a9471b6a58","","","",""
"1009","1009","0002441134900292","public","2017-07-25 16:13:27","","2017-07-25 16:13:27","0","0","NORMAL_CLEARING","fecf6693-41bc-44b7-8baa-ff3f4bfc66a8","","","",""
"1009","1009","0009441134900292","public","2017-07-25 16:15:03","","2017-07-25 16:15:03","0","0","NORMAL_CLEARING","c686781c-3c15-4646-9160-7d9c6042c6c3","","","",""
"1009","1009","0008441134900292","public","2017-07-25 16:16:39","","2017-07-25 16:16:39","0","0","NORMAL_CLEARING","2f5f53d6-0d6a-4b27-8f94-da98ccbd8bf7","","","",""
"1009","1009","0810441134900292","public","2017-07-25 16:18:15","","2017-07-25 16:18:15","0","0","NORMAL_CLEARING","e4a903ef-bebf-4245-8c7d-f2ce62b1b840","","","",""
"1009","1009","0000441134900292","public","2017-07-25 16:19:51","","2017-07-25 16:19:51","0","0","NORMAL_CLEARING","78198db6-a7c9-47d3-b132-6f1adc2cbdf3","","","",""
"1009","1009","00000441134900292","public","2017-07-25 16:21:27","","2017-07-25 16:21:27","0","0","NORMAL_CLEARING","cfb0c4d7-42ef-4822-9570-d2e43965207d","","","",""
"1009","1009","9000441134900292","public","2017-07-25 16:23:02","","2017-07-25 16:23:02","0","0","NORMAL_CLEARING","64425a48-7e42-4290-bcfa-19090974cdb7","","","",""
"1009","1009","700441134900292","public","2017-07-25 16:24:38","","2017-07-25 16:24:38","0","0","NORMAL_CLEARING","0a340f96-3552-4ff0-8ff0-90ee6668722a","","","",""
"1009","1009","100441134900292","public","2017-07-25 16:26:15","","2017-07-25 16:26:15","0","0","NORMAL_CLEARING","e0a918b1-b8c9-46a0-a701-e172afeabceb","","","",""
"1009","1009","8000441134900292","public","2017-07-25 16:27:50","","2017-07-25 16:27:50","0","0","NORMAL_CLEARING","4d52db92-8a9a-4502-8acb-835360ee09a4","","","",""
"1009","1009","7000441134900292","public","2017-07-25 16:29:26","","2017-07-25 16:29:26","0","0","NORMAL_CLEARING","31e10804-74b9-47e4-84ad-95199c4c57d7","","","",""
"1009","1009","9441134900292","public","2017-07-25 16:31:02","","2017-07-25 16:31:02","0","0","NORMAL_CLEARING","11005e7e-72b2-421d-a67c-2fa04049ae7b","","","",""
"1009","1009","008441134900292","public","2017-07-25 16:32:38","","2017-07-25 16:32:38","0","0","NORMAL_CLEARING","c3291392-96c1-479b-b2fb-eb8105cdbfab","","","",""
"1009","1009","007441134900292","public","2017-07-25 16:34:14","","2017-07-25 16:34:14","0","0","NORMAL_CLEARING","9385c116-4845-4ad7-8644-1e5f83c487dd","","","",""
"1009","1009","005441134900292","public","2017-07-25 16:35:50","","2017-07-25 16:35:50","0","0","NORMAL_CLEARING","e078ad9d-8b6e-4668-b8a4-1e360fba77dc","","","",""
"1009","1009","441134900292","public","2017-07-25 16:37:26","","2017-07-25 16:37:26","0","0","NORMAL_CLEARING","6f310ba2-dbfb-4ff3-96ec-09bc6ad25cd1","","","",""
"1009","1009","0441134900292","public","2017-07-25 16:39:02","","2017-07-25 16:39:02","0","0","NORMAL_CLEARING","d49fcaf2-20e7-486e-84c9-657d5827362f","","","",""
"1009","1009","8441134900292","public","2017-07-25 16:40:38","","2017-07-25 16:40:38","0","0","NORMAL_CLEARING","1e335e2b-43ef-4378-a6d6-d614f0c8aa0b","","","",""
"1009","1009","6441134900292","public","2017-07-25 16:42:14","","2017-07-25 16:42:14","0","0","NORMAL_CLEARING","0f8569fa-333d-44fb-b0eb-0a4186deaee2","","","",""
"1009","1009","911441134900292","public","2017-07-25 16:43:50","","2017-07-25 16:43:50","0","0","NORMAL_CLEARING","0d147159-c1a3-484d-83ff-8f9bfd4e0fa6","","","",""
"1009","1009","710441134900292","public","2017-07-25 16:45:26","","2017-07-25 16:45:26","0","0","NORMAL_CLEARING","702889ea-8c90-43de-a3b8-bb8e12a86e11","","","",""
"1009","1009","9008441134900292","public","2017-07-25 16:47:02","","2017-07-25 16:47:02","0","0","NORMAL_CLEARING","863733fc-087b-40d9-bbd6-3c7594de418e","","","",""
"1009","1009","9009441134900292","public","2017-07-25 16:48:38","","2017-07-25 16:48:38","0","0","NORMAL_CLEARING","75c5fbc9-f345-428f-b073-f146eb4f08ca","","","",""
"1009","1009","8011441134900292","public","2017-07-25 16:50:14","","2017-07-25 16:50:14","0","0","NORMAL_CLEARING","6017cb29-aa79-41bd-9647-9bf94b81c13a","","","",""
"1009","1009","8810441134900292","public","2017-07-25 16:51:50","","2017-07-25 16:51:50","0","0","NORMAL_CLEARING","debd4e43-4873-43a2-a222-106da459b0e2","","","",""
"1009","1009","8001441134900292","public","2017-07-25 16:53:26","","2017-07-25 16:53:26","0","0","NORMAL_CLEARING","817b3601-53cb-4507-bde8-b55f10ad9797","","","",""
"1009","1009","8002441134900292","public","2017-07-25 16:55:03","","2017-07-25 16:55:03","0","0","NORMAL_CLEARING","9a2ed0b3-24f9-4f22-9acf-93f24294d4cf","","","",""
"1009","1009","8009441134900292","public","2017-07-25 16:56:39","","2017-07-25 16:56:39","0","0","NORMAL_CLEARING","67cc0078-3386-4601-a3b7-4b7de64e4e1c","","","",""
"1009","1009","7011441134900292","public","2017-07-25 16:58:15","","2017-07-25 16:58:15","0","0","NORMAL_CLEARING","de1ed249-75a7-4814-b62f-db7c0ed8ef70","","","",""
"1009","1009","7810441134900292","public","2017-07-25 16:59:51","","2017-07-25 16:59:51","0","0","NORMAL_CLEARING","bc8816ff-433c-4c8c-9789-08c93ed62556","","","",""
"1009","1009","7001441134900292","public","2017-07-25 17:01:27","","2017-07-25 17:01:27","0","0","NORMAL_CLEARING","84d3da99-7b1c-4949-9d3e-f0eea964cb54","","","",""
"1009","1009","7002441134900292","public","2017-07-25 17:03:04","","2017-07-25 17:03:04","0","0","NORMAL_CLEARING","bf75953b-8150-492f-be3f-2cb7602c45ce","","","",""
"1009","1009","7009441134900292","public","2017-07-25 17:04:40","","2017-07-25 17:04:40","0","0","NORMAL_CLEARING","6a2a95a3-d062-401a-97e0-211674d0d5c1","","","",""
"1009","1009","7008441134900292","public","2017-07-25 17:06:16","","2017-07-25 17:06:16","0","0","NORMAL_CLEARING","ef86adcc-965d-41c3-89fd-a5e9ad9160a6","","","",""
"1009","1009","600441134900292","public","2017-07-25 17:07:51","","2017-07-25 17:07:51","0","0","NORMAL_CLEARING","f5692bb0-3eea-4dc1-bbf9-ae993c0094f5","","","",""
"1009","1009","6011441134900292","public","2017-07-25 17:09:27","","2017-07-25 17:09:27","0","0","NORMAL_CLEARING","4b78a273-9ca4-49cb-ad31-92388331f96d","","","",""
"1009","1009","6810441134900292","public","2017-07-25 17:11:03","","2017-07-25 17:11:03","0","0","NORMAL_CLEARING","f2b47c1a-924a-4d42-b8e9-82f3dc8a1e3a","","","",""
"1009","1009","6001441134900292","public","2017-07-25 17:12:39","","2017-07-25 17:12:39","0","0","NORMAL_CLEARING","578fedcb-8b8c-49f9-81b8-d2eca369f7a3","","","",""
"1009","1009","6002441134900292","public","2017-07-25 17:14:15","","2017-07-25 17:14:15","0","0","NORMAL_CLEARING","c2458b70-0b34-47ad-a859-25b7124cb328","","","",""
"1009","1009","6008441134900292","public","2017-07-25 17:15:51","","2017-07-25 17:15:51","0","0","NORMAL_CLEARING","ff1ea8d8-a49d-42ff-b20a-1f4da8ab4de2","","","",""
"1009","1009","6009441134900292","public","2017-07-25 17:17:27","","2017-07-25 17:17:27","0","0","NORMAL_CLEARING","e57676ff-0476-45e9-9d04-9243c8413a47","","","",""
"1009","1009","012441134900292","public","2017-07-25 17:19:03","","2017-07-25 17:19:03","0","0","NORMAL_CLEARING","0dc16840-18b5-432a-b0e7-a30776a83167","","","",""
"1009","1009","013441134900292","public","2017-07-25 17:20:39","","2017-07-25 17:20:39","0","0","NORMAL_CLEARING","1343b27c-ae33-4148-9616-abf927dd4bf3","","","",""
"1009","1009","015441134900292","public","2017-07-25 17:22:15","","2017-07-25 17:22:15","0","0","NORMAL_CLEARING","ec05e466-4b35-4026-9202-3122ad70a5be","","","",""
"1009","1009","80000441134900292","public","2017-07-25 17:23:51","","2017-07-25 17:23:51","0","0","NORMAL_CLEARING","b3c73a44-84e1-4159-8a5c-dcccd7fe5a6d","","","",""
"1009","1009","8800441134900292","public","2017-07-25 17:25:27","","2017-07-25 17:25:27","0","0","NORMAL_CLEARING","b1e9b029-0cbe-49b5-825a-799f17a9b89d","","","",""
"1009","1009","88800441134900292","public","2017-07-25 17:27:03","","2017-07-25 17:27:03","0","0","NORMAL_CLEARING","1074460c-fe5f-42cf-8247-1a228b3e3b86","","","",""
"1009","1009","888800441134900292","public","2017-07-25 17:28:39","","2017-07-25 17:28:39","0","0","NORMAL_CLEARING","3de46294-a8f6-4ef3-a16f-a8e288f71f1e","","","",""
"1009","1009","11100441134900292","public","2017-07-25 17:30:15","","2017-07-25 17:30:15","0","0","NORMAL_CLEARING","c4e71aba-a043-43dc-a3d2-eab86943d307","","","",""
"1009","1009","99441134900292","public","2017-07-25 17:31:50","","2017-07-25 17:31:50","0","0","NORMAL_CLEARING","de297110-fabd-4e99-b45c-86a598a6b03e","","","",""
"1009","1009","5441134900292","public","2017-07-25 17:33:26","","2017-07-25 17:33:26","0","0","NORMAL_CLEARING","9f1e6f58-0011-4b28-930e-dbef37758f70","","","",""
"1009","1009","500441134900292","public","2017-07-25 17:35:02","","2017-07-25 17:35:02","0","0","NORMAL_CLEARING","f45db4d1-595a-40b6-8106-6664fa48721f","","","",""
"1009","1009","400441134900292","public","2017-07-25 17:36:38","","2017-07-25 17:36:38","0","0","NORMAL_CLEARING","2627bfca-accc-4d75-b342-9fe3aec928a9","","","",""
"1009","1009","300441134900292","public","2017-07-25 17:38:14","","2017-07-25 17:38:14","0","0","NORMAL_CLEARING","10ee98e0-8fc5-4100-bca7-e7b8e501c823","","","",""
"1009","1009","200441134900292","public","2017-07-25 17:39:50","","2017-07-25 17:39:50","0","0","NORMAL_CLEARING","bfb1d6ee-1e1c-43d3-aa74-f94ae6ad1851","","","",""
"1009","1009","2000441134900292","public","2017-07-25 17:41:25","","2017-07-25 17:41:25","0","0","NORMAL_CLEARING","0d7092e8-1700-4cf4-9c5c-c6abdeb3175f","","","",""
"1009","1009","3000441134900292","public","2017-07-25 17:43:02","","2017-07-25 17:43:02","0","0","NORMAL_CLEARING","40277e27-c0cc-49c3-8da6-15721a6a4f73","","","",""
"1009","1009","4000441134900292","public","2017-07-25 17:44:38","","2017-07-25 17:44:38","0","0","NORMAL_CLEARING","7bbbf0b6-0623-467e-b470-415f3e025c15","","","",""
"1009","1009","5000441134900292","public","2017-07-25 17:46:14","","2017-07-25 17:46:14","0","0","NORMAL_CLEARING","18bdee5e-ee43-4950-8782-722bf1c73bbd","","","",""
"1009","1009","6000441134900292","public","2017-07-25 17:47:50","","2017-07-25 17:47:50","0","0","NORMAL_CLEARING","8d42e576-ea80-4cbf-92d5-2104abe5eb8c","","","",""
"1009","1009","6600441134900292","public","2017-07-25 17:49:26","","2017-07-25 17:49:26","0","0","NORMAL_CLEARING","408dfe60-96f0-4812-9906-3f2bcd349ed9","","","",""
"1009","1009","5500441134900292","public","2017-07-25 17:51:02","","2017-07-25 17:51:02","0","0","NORMAL_CLEARING","6836a728-c45f-4f8d-8bbe-98f6210c1ca5","","","",""
"1009","1009","1100441134900292","public","2017-07-25 17:52:38","","2017-07-25 17:52:38","0","0","NORMAL_CLEARING","1d7408c3-0789-448d-a320-123d88adde30","","","",""
"1009","1009","2200441134900292","public","2017-07-25 17:54:15","","2017-07-25 17:54:15","0","0","NORMAL_CLEARING","061b577f-3cdb-4550-8196-a6e9f47a7207","","","",""
"1009","1009","3300441134900292","public","2017-07-25 17:55:51","","2017-07-25 17:55:51","0","0","NORMAL_CLEARING","416a588e-95ca-4e21-b201-d31990c147fe","","","",""
"1009","1009","00011441134900292","public","2017-07-25 17:57:28","","2017-07-25 17:57:28","0","0","NORMAL_CLEARING","d551907b-d3b7-4f94-86ac-a4e295160647","","","",""
"1009","1009","00810441134900292","public","2017-07-25 17:59:04","","2017-07-25 17:59:04","0","0","NORMAL_CLEARING","f84ed461-6d3a-4aa4-b3e7-a009453dc746","","","",""
"1009","1009","01441134900292","public","2017-07-25 18:00:51","","2017-07-25 18:00:51","0","0","NORMAL_CLEARING","9f9b1937-a8c8-4c7d-89d0-50aa690ab60e","","","",""
"1009","1009","02441134900292","public","2017-07-25 18:02:27","","2017-07-25 18:02:27","0","0","NORMAL_CLEARING","dd27c070-da8f-4bd1-9f27-1930c10043e2","","","",""
"1009","1009","03441134900292","public","2017-07-25 18:04:02","","2017-07-25 18:04:02","0","0","NORMAL_CLEARING","dd537dbc-428c-413f-9694-b56ad45de57a","","","",""
"1009","1009","04441134900292","public","2017-07-25 18:05:38","","2017-07-25 18:05:38","0","0","NORMAL_CLEARING","77d3d38a-5955-4bbc-a524-1cdaaa110bdb","","","",""
"1009","1009","05441134900292","public","2017-07-25 18:07:14","","2017-07-25 18:07:14","0","0","NORMAL_CLEARING","e8aa7814-17bf-4a49-ba2e-6777a5aabf7f","","","",""
"1009","1009","06441134900292","public","2017-07-25 18:08:50","","2017-07-25 18:08:50","0","0","NORMAL_CLEARING","e94e3912-0e1f-46da-89ac-15d25e309301","","","",""
"1009","1009","07441134900292","public","2017-07-25 18:10:26","","2017-07-25 18:10:26","0","0","NORMAL_CLEARING","f1c22897-5c0b-4116-8184-6f3881a8ee81","","","",""
"1009","1009","08441134900292","public","2017-07-25 18:12:02","","2017-07-25 18:12:02","0","0","NORMAL_CLEARING","d9458c01-b5ae-4230-b5fe-ed4c5abb4b21","","","",""
"1009","1009","09441134900292","public","2017-07-25 18:13:38","","2017-07-25 18:13:38","0","0","NORMAL_CLEARING","4e3bf17a-5ff4-4a19-8ee9-3b3196b557a0","","","",""
"1009","1009","010441134900292","public","2017-07-25 18:15:14","","2017-07-25 18:15:14","0","0","NORMAL_CLEARING","283861a1-37af-4d9f-9ee7-32e509e15ff0","","","",""
"1009","1009","0100441134900292","public","2017-07-25 18:16:50","","2017-07-25 18:16:50","0","0","NORMAL_CLEARING","1d7f7dfc-8248-4057-85cc-a6bf73ea24f3","","","",""
"1009","1009","020441134900292","public","2017-07-25 18:18:26","","2017-07-25 18:18:26","0","0","NORMAL_CLEARING","eae8a0d1-01fd-4011-b91a-7f0938526a4e","","","",""
"1009","1009","0200441134900292","public","2017-07-25 18:20:02","","2017-07-25 18:20:02","0","0","NORMAL_CLEARING","b2d29669-8443-494e-b032-330fcba44679","","","",""
"1009","1009","030441134900292","public","2017-07-25 18:21:38","","2017-07-25 18:21:38","0","0","NORMAL_CLEARING","bf8ab8cb-d6db-490c-b389-8baeeb8a1ee9","","","",""
"1009","1009","0300441134900292","public","2017-07-25 18:23:14","","2017-07-25 18:23:14","0","0","NORMAL_CLEARING","6daf592c-884c-4872-8657-75ddf8cb5cfc","","","",""
"1009","1009","040441134900292","public","2017-07-25 18:24:50","","2017-07-25 18:24:50","0","0","NORMAL_CLEARING","56111e92-31f6-4795-9796-7d2f673de620","","","",""
"1009","1009","0400441134900292","public","2017-07-25 18:26:27","","2017-07-25 18:26:27","0","0","NORMAL_CLEARING","cdf478f2-9346-4316-b881-16133404722a","","","",""
"1009","1009","050441134900292","public","2017-07-25 18:28:03","","2017-07-25 18:28:03","0","0","NORMAL_CLEARING","5a4a6a66-7257-49b2-8602-91b1841405db","","","",""
"1009","1009","0500441134900292","public","2017-07-25 18:29:39","","2017-07-25 18:29:39","0","0","NORMAL_CLEARING","241ed833-0960-4593-bcfe-303cee432953","","","",""
"1009","1009","060441134900292","public","2017-07-25 18:31:15","","2017-07-25 18:31:15","0","0","NORMAL_CLEARING","06cd1bde-7bac-4a5c-bd8f-540b8b0fa933","","","",""
"1009","1009","0600441134900292","public","2017-07-25 18:32:51","","2017-07-25 18:32:51","0","0","NORMAL_CLEARING","6528ee90-7822-49fc-9450-6badfda1bd11","","","",""
"1009","1009","070441134900292","public","2017-07-25 18:34:27","","2017-07-25 18:34:27","0","0","NORMAL_CLEARING","ca22d11a-7a56-49d7-8b71-2e18f3063541","","","",""
"1009","1009","0700441134900292","public","2017-07-25 18:36:02","","2017-07-25 18:36:02","0","0","NORMAL_CLEARING","fe3e5c1f-b4a7-48a5-a6d5-720771e7eab9","","","",""
"1009","1009","080441134900292","public","2017-07-25 18:37:38","","2017-07-25 18:37:38","0","0","NORMAL_CLEARING","8591b6da-3ba4-4b31-abc9-c604b9568a46","","","",""
"1009","1009","0800441134900292","public","2017-07-25 18:39:14","","2017-07-25 18:39:14","0","0","NORMAL_CLEARING","109e7be3-345e-40fa-b599-1ed1864a7957","","","",""
"1009","1009","090441134900292","public","2017-07-25 18:40:50","","2017-07-25 18:40:50","0","0","NORMAL_CLEARING","b4f469b7-752b-423a-8561-868dc66aa542","","","",""
"1009","1009","0900441134900292","public","2017-07-25 18:42:26","","2017-07-25 18:42:26","0","0","NORMAL_CLEARING","7b09021d-c453-4a95-9a29-e24765376380","","","",""
"1009","1009","01000441134900292","public","2017-07-25 18:44:01","","2017-07-25 18:44:01","0","0","NORMAL_CLEARING","bf647cc8-b1d4-4e80-8baa-42cf6325d895","","","",""
"1009","1009","111100441134900292","public","2017-07-25 18:45:37","","2017-07-25 18:45:37","0","0","NORMAL_CLEARING","2c16e64d-fa89-4d0e-b481-1711514cc8ad","","","",""
"1009","1009","2222200441134900292","public","2017-07-25 18:47:13","","2017-07-25 18:47:14","1","0","NORMAL_CLEARING","e4e49b2c-7cdd-4bab-bc8e-40d38e4e9e1a","","","",""
"1009","1009","222200441134900292","public","2017-07-25 18:48:49","","2017-07-25 18:48:49","0","0","NORMAL_CLEARING","4de08edf-39c2-476a-ac76-ec160076aa3d","","","",""
"1009","1009","33300441134900292","public","2017-07-25 18:50:25","","2017-07-25 18:50:25","0","0","NORMAL_CLEARING","06761fa1-86da-43a8-a607-38524aa6e9a8","","","",""
"1009","1009","333300441134900292","public","2017-07-25 18:52:01","","2017-07-25 18:52:01","0","0","NORMAL_CLEARING","cf1ccf06-3fc1-4fc3-b0ab-b0b011aaa560","","","",""
"1009","1009","444400441134900292","public","2017-07-25 18:53:37","","2017-07-25 18:53:37","0","0","NORMAL_CLEARING","5dfaeca5-fc8c-4191-b630-aebfbe78acaa","","","",""
"1009","1009","555500441134900292","public","2017-07-25 18:55:13","","2017-07-25 18:55:13","0","0","NORMAL_CLEARING","a99ac257-8c6e-4f58-8c8f-f34fee1de543","","","",""
"1009","1009","5555500441134900292","public","2017-07-25 18:56:48","","2017-07-25 18:56:48","0","0","NORMAL_CLEARING","5ebf8283-9681-442b-a160-3020958370ce","","","",""
"1009","1009","666600441134900292","public","2017-07-25 18:58:25","","2017-07-25 18:58:25","0","0","NORMAL_CLEARING","68b6cf40-564c-4750-b31f-8f9fa6efe8e3","","","",""
"1009","1009","77700441134900292","public","2017-07-25 19:00:01","","2017-07-25 19:00:01","0","0","NORMAL_CLEARING","79284d1f-c74a-4329-9cb6-764e87d75fbc","","","",""
"1009","1009","777700441134900292","public","2017-07-25 19:01:37","","2017-07-25 19:01:37","0","0","NORMAL_CLEARING","e1e90a10-b329-4dd6-831f-7e14994b9465","","","",""
"1009","1009","11011441134900292","public","2017-07-25 19:03:12","","2017-07-25 19:03:12","0","0","NORMAL_CLEARING","353ec189-33c7-4269-855f-71660921f76d","","","",""
"1009","1009","110011441134900292","public","2017-07-25 19:04:48","","2017-07-25 19:04:48","0","0","NORMAL_CLEARING","324772fc-4c74-429d-8dab-841e415c7af0","","","",""
"1009","1009","1111011441134900292","public","2017-07-25 19:06:24","","2017-07-25 19:06:24","0","0","NORMAL_CLEARING","91e66ffd-ae9d-4bd5-9634-1511afe36bbd","","","",""
"1009","1009","111011441134900292","public","2017-07-25 19:08:01","","2017-07-25 19:08:01","0","0","NORMAL_CLEARING","f14b4664-51da-40d7-9b94-e402a828b26b","","","",""
"1009","1009","999011441134900292","public","2017-07-25 19:09:37","","2017-07-25 19:09:37","0","0","NORMAL_CLEARING","a02e883b-3f26-4606-a1cb-0cd9a427f246","","","",""
"1009","1009","888011441134900292","public","2017-07-25 19:11:13","","2017-07-25 19:11:13","0","0","NORMAL_CLEARING","9924916d-a1a8-4031-b8f5-079bd53ac3ae","","","",""
"1009","1009","777011441134900292","public","2017-07-25 19:12:49","","2017-07-25 19:12:49","0","0","NORMAL_CLEARING","5fe1c642-697d-46f8-b52e-3f619c22a1a0","","","",""
"1009","1009","666011441134900292","public","2017-07-25 19:14:25","","2017-07-25 19:14:25","0","0","NORMAL_CLEARING","70dd622a-f81a-45e1-92a6-4b8a21f3feb4","","","",""
"1009","1009","555011441134900292","public","2017-07-25 19:16:02","","2017-07-25 19:16:02","0","0","NORMAL_CLEARING","2d746714-f39f-43e1-b489-c615871ab01c","","","",""
"1009","1009","999810441134900292","public","2017-07-25 19:17:38","","2017-07-25 19:17:38","0","0","NORMAL_CLEARING","9b1900f7-9348-43fb-a078-3a14764881dd","","","",""
"1009","1009","000810441134900292","public","2017-07-25 19:19:14","","2017-07-25 19:19:14","0","0","NORMAL_CLEARING","85b85b44-f90c-4780-9832-20f1f1e7f53a","","","",""
"1009","1009","88810441134900292","public","2017-07-25 19:20:50","","2017-07-25 19:20:50","0","0","NORMAL_CLEARING","ded55288-7dc3-47eb-98ed-18737047c9a7","","","",""
"1009","1009","777810441134900292","public","2017-07-25 19:22:27","","2017-07-25 19:22:27","0","0","NORMAL_CLEARING","42eda914-9a8b-4e0a-a5cf-8c4bc90a0061","","","",""
"1009","1009","7710441134900292","public","2017-07-25 19:24:02","","2017-07-25 19:24:02","0","0","NORMAL_CLEARING","86de6563-e7e1-423a-a1f7-7cfd452260a5","","","",""
"1009","1009","8710441134900292","public","2017-07-25 19:25:39","","2017-07-25 19:25:39","0","0","NORMAL_CLEARING","46953711-4cac-4366-bf8b-70697b2b39eb","","","",""
"1009","1009","8910441134900292","public","2017-07-25 19:27:15","","2017-07-25 19:27:15","0","0","NORMAL_CLEARING","6d24d2a9-2be4-4f2f-8aa7-575b19538582","","","",""
"1009","1009","9911441134900292","public","2017-07-25 19:28:51","","2017-07-25 19:28:51","0","0","NORMAL_CLEARING","4d521aef-3b0b-4446-b1de-8e96a67ea675","","","",""
"1009","1009","8109441134900292","public","2017-07-25 19:30:27","","2017-07-25 19:30:27","0","0","NORMAL_CLEARING","76e76dab-a673-4a40-b318-a062dcbf9ea0","","","",""
"1009","1009","9012441134900292","public","2017-07-25 19:32:03","","2017-07-25 19:32:03","0","0","NORMAL_CLEARING","dea1588e-8575-4bf7-9d93-16ca9f387935","","","",""
"1009","1009","9013441134900292","public","2017-07-25 19:33:40","","2017-07-25 19:33:40","0","0","NORMAL_CLEARING","b5cc9327-91da-41fe-aa0a-293f32539d40","","","",""
"1009","1009","9014441134900292","public","2017-07-25 19:35:16","","2017-07-25 19:35:16","0","0","NORMAL_CLEARING","45a8b594-098e-478b-aa5e-1c2f69698cb5","","","",""
"1009","1009","900810441134900292","public","2017-07-25 19:36:52","","2017-07-25 19:36:52","0","0","NORMAL_CLEARING","818dfc3f-1c10-4115-b362-9a387847e85d","","","",""
"1009","1009","011810441134900292","public","2017-07-25 19:38:28","","2017-07-25 19:38:28","0","0","NORMAL_CLEARING","94586e49-c9c7-4615-80ea-fd9a37802704","","","",""
"1009","1009","10441134900292","public","2017-07-25 19:40:04","","2017-07-25 19:40:04","0","0","NORMAL_CLEARING","2a04398c-5445-418f-8208-3edbdc41f4c3","","","",""
"1009","1009","20441134900292","public","2017-07-25 19:41:40","","2017-07-25 19:41:40","0","0","NORMAL_CLEARING","558189af-f67d-4d89-8959-f55b2fcee058","","","",""
"1009","1009","30441134900292","public","2017-07-25 19:43:17","","2017-07-25 19:43:17","0","0","NORMAL_CLEARING","37e8028f-7be5-4103-b28d-edfd9f8692eb","","","",""
"1009","1009","40441134900292","public","2017-07-25 19:44:53","","2017-07-25 19:44:53","0","0","NORMAL_CLEARING","cbbe5b14-a392-43f8-9cc1-d7c25a791751","","","",""
"1009","1009","50441134900292","public","2017-07-25 19:46:29","","2017-07-25 19:46:29","0","0","NORMAL_CLEARING","9a7065f8-ea25-43f7-8d4b-c0a8bd9229eb","","","",""
"1009","1009","60441134900292","public","2017-07-25 19:48:05","","2017-07-25 19:48:05","0","0","NORMAL_CLEARING","5d954a69-7ddf-4abf-80fc-5af8a50e65f9","","","",""
"1009","1009","70441134900292","public","2017-07-25 19:49:41","","2017-07-25 19:49:41","0","0","NORMAL_CLEARING","e4115f78-4fd3-4a5d-973e-ae4b61359add","","","",""
"1009","1009","80441134900292","public","2017-07-25 19:51:17","","2017-07-25 19:51:17","0","0","NORMAL_CLEARING","5de321cc-883d-4b38-b798-0e2c64c2e4f1","","","",""
"1009","1009","90441134900292","public","2017-07-25 19:52:53","","2017-07-25 19:52:53","0","0","NORMAL_CLEARING","b780acd6-2121-4657-b641-4a48ca3dad40","","","",""
"1009","1009","00001441134900292","public","2017-07-25 19:54:29","","2017-07-25 19:54:29","0","0","NORMAL_CLEARING","09693273-5566-41c1-b911-b2cd6f6270e5","","","",""
"1009","1009","00002441134900292","public","2017-07-25 19:56:05","","2017-07-25 19:56:05","0","0","NORMAL_CLEARING","d6bf21c8-91cd-4888-a99e-bd3ee02b7815","","","",""
"1009","1009","00008441134900292","public","2017-07-25 19:57:41","","2017-07-25 19:57:41","0","0","NORMAL_CLEARING","344b5131-1ecc-4cb9-9dfd-64ef39ef51db","","","",""
"1009","1009","00009441134900292","public","2017-07-25 19:59:17","","2017-07-25 19:59:17","0","0","NORMAL_CLEARING","829c565f-22aa-4091-afcf-ef20469c09e5","","","",""
"1009","1009","00005441134900292","public","2017-07-25 20:00:53","","2017-07-25 20:00:53","0","0","NORMAL_CLEARING","6fc5ad2a-b9ab-40f1-bb64-cdc1722bd856","","","",""
"abc123","abc123","+441134900292","public","2017-07-25 20:02:29","","2017-07-25 20:02:29","0","0","NORMAL_CLEARING","f8e304cb-79e5-468d-87a3-5ce2a91d73c0","","","",""
"abc123","abc123","00441134900292","public","2017-07-25 20:04:05","","2017-07-25 20:04:05","0","0","NORMAL_CLEARING","8d4e072d-e196-46ad-b86d-9455b5611779","","","",""
"abc123","abc123","000441134900292","public","2017-07-25 20:05:41","","2017-07-25 20:05:41","0","0","NORMAL_CLEARING","56e4477b-5cf6-409f-86f5-6bc226daa8ca","","","",""
"abc123","abc123","900441134900292","public","2017-07-25 20:07:17","","2017-07-25 20:07:17","0","0","NORMAL_CLEARING","f81cc769-7d9a-41e8-93df-67945af5098c","","","",""
"abc123","abc123","011441134900292","public","2017-07-25 20:08:53","","2017-07-25 20:08:53","0","0","NORMAL_CLEARING","0e06a80f-264a-428f-858d-5d69f5475a4f","","","",""
"abc123","abc123","001441134900292","public","2017-07-25 20:10:29","","2017-07-25 20:10:29","0","0","NORMAL_CLEARING","7f9dafca-0f02-4818-b870-8ec8cbd982cc","","","",""
"abc123","abc123","009441134900292","public","2017-07-25 20:12:05","","2017-07-25 20:12:05","0","0","NORMAL_CLEARING","b48d7e9e-1509-4450-89bd-7ecd48947812","","","",""
"abc123","abc123","002441134900292","public","2017-07-25 20:13:41","","2017-07-25 20:13:41","0","0","NORMAL_CLEARING","2e3d225b-316c-4d62-ac04-8893f8f9d27f","","","",""
"abc123","abc123","810441134900292","public","2017-07-25 20:15:17","","2017-07-25 20:15:17","0","0","NORMAL_CLEARING","bf07b316-d09b-48a4-8f79-020c9db70d12","","","",""
"abc123","abc123","0011441134900292","public","2017-07-25 20:16:53","","2017-07-25 20:16:53","0","0","NORMAL_CLEARING","3271cf14-1038-4f4c-bf92-3930d8045cc2","","","",""
"abc123","abc123","9900441134900292","public","2017-07-25 20:18:29","","2017-07-25 20:18:29","0","0","NORMAL_CLEARING","7f1da1c8-0ecf-46d7-b6ba-9c51597ebdc2","","","",""
"abc123","abc123","99900441134900292","public","2017-07-25 20:20:06","","2017-07-25 20:20:06","0","0","NORMAL_CLEARING","0a0a7196-10e5-483e-b7af-e8e7ef752fea","","","",""
"abc123","abc123","999900441134900292","public","2017-07-25 20:21:42","","2017-07-25 20:21:42","0","0","NORMAL_CLEARING","c992ae9d-2c06-49b0-93f5-96b3245c34a6","","","",""
"abc123","abc123","9999900441134900292","public","2017-07-25 20:23:18","","2017-07-25 20:23:18","0","0","NORMAL_CLEARING","3a22654d-6567-4f65-9005-c4d85ce55640","","","",""
"abc123","abc123","90000441134900292","public","2017-07-25 20:24:53","","2017-07-25 20:24:53","0","0","NORMAL_CLEARING","e599c746-5a31-4883-b1e8-43e812254081","","","",""
"abc123","abc123","800441134900292","public","2017-07-25 20:26:29","","2017-07-25 20:26:29","0","0","NORMAL_CLEARING","702b09c2-0919-473d-a3a8-25f3bacc93c3","","","",""
"abc123","abc123","9011441134900292","public","2017-07-25 20:28:05","","2017-07-25 20:28:05","0","0","NORMAL_CLEARING","bf3c43ad-93a6-4cf8-ad2d-35155900be00","","","",""
"abc123","abc123","9810441134900292","public","2017-07-25 20:29:41","","2017-07-25 20:29:41","0","0","NORMAL_CLEARING","d0d319be-0e8a-40c2-9380-6f16b1022c8c","","","",""
"abc123","abc123","9001441134900292","public","2017-07-25 20:31:17","","2017-07-25 20:31:17","0","0","NORMAL_CLEARING","db16d73f-4efd-4cd3-85f5-0dd0287d3e66","","","",""
"abc123","abc123","9002441134900292","public","2017-07-25 20:32:54","","2017-07-25 20:32:54","0","0","NORMAL_CLEARING","ace0e577-f995-4b6b-9c00-491a6da32adf","","","",""
"abc123","abc123","0001441134900292","public","2017-07-25 20:34:30","","2017-07-25 20:34:30","0","0","NORMAL_CLEARING","f5a0221a-8a95-41b5-a1a3-019d61f302d9","","","",""
"Extension 1100","1100","voicemail","default","2017-08-07 19:47:50","","2017-08-07 19:47:51","1","0","NORMAL_CLEARING","0a23dcfc-6580-4dc3-87cd-9d3068075326","","","G722","G722"
"AmitSIPUser","1100","1101","default","2017-08-07 19:47:39","2017-08-07 19:47:49","2017-08-07 19:47:51","12","2","NORMAL_CLEARING","a925a406-aeb5-48b2-b8ef-d16d4d2b89b8","7dc12f15-0558-4204-a959-ccb377ab324a","1100","G722","G722"
"Extension 1100","1100","voicemail","default","2017-08-07 19:50:03","","2017-08-07 19:50:04","1","0","NORMAL_CLEARING","45b67ccb-aede-45e5-bc26-0143aab9059f","","","G722","G722"
"AmitSIPUser","1100","1102","default","2017-08-07 19:49:52","2017-08-07 19:50:02","2017-08-07 19:50:04","12","2","NORMAL_CLEARING","aa32f827-1b65-493f-a59f-82ec4303e88b","74e0cc4c-0314-41b8-9424-2bdb12d1ff98","1100","G722","G722"
"AmitSIPUser","1100","8192324","default","2017-08-07 19:51:02","","2017-08-07 19:51:31","29","0","ORIGINATOR_CANCEL","4875c481-dfee-4379-9503-79c58541ed73","","1100","",""
"AmitSIPUser","1100","5200","default","2017-08-17 14:58:33","","2017-08-17 14:58:43","10","0","NORMAL_CLEARING","f86931b2-34f1-40f0-a5df-04f52c3e0aca","","1100","",""
"AmitSIPUser","1100","1001","default","2017-08-17 14:58:51","2017-08-17 14:59:01","2017-08-17 14:59:06","15","5","NORMAL_CLEARING","f0e75d74-621e-4530-b558-c89ddcafbc2e","f8e0bf2e-582d-420d-9341-23f1b2e29845","1100","G722","G722"
"Extension 1100","1100","voicemail","default","2017-08-17 14:59:02","","2017-08-17 14:59:06","4","0","ORIGINATOR_CANCEL","f81f7f4a-cfe4-4ea0-bab9-1f90aa8bf5dd","","","G722","G722"
"AmitSIPUser","1100","1000","default","2017-08-18 06:44:49","2017-08-18 06:44:59","2017-08-18 06:45:34","45","35","NORMAL_CLEARING","2bc4b5a1-1b43-4262-bf98-37138cb915b1","4fc3e186-fb8a-41e1-8ee6-cfe00af850c4","1100","G722","G722"
"Extension 1100","1100","voicemail","default","2017-08-18 06:45:00","","2017-08-18 06:45:34","34","0","ORIGINATOR_CANCEL","33cad806-1c31-4307-a1b8-b2f133bfa191","","","G722","G722"
"AmitSIPUser","1100","1001","default","2017-08-18 06:46:06","2017-08-18 06:46:16","2017-08-18 06:46:34","28","18","NORMAL_CLEARING","a04729bc-d966-4a4f-8a15-0c1959056059","2fe6b33a-62ed-4a0c-a65f-397222ea5391","1100","G722","G722"
"Extension 1100","1100","voicemail","default","2017-08-18 06:46:17","","2017-08-18 06:46:34","17","0","ORIGINATOR_CANCEL","2b3d2f36-51be-429b-ad2d-41c65ab84521","","","G722","G722"
"","0000000000","8192324","default","2017-08-24 09:34:51","","2017-08-24 09:34:52","1","0","NORMAL_TEMPORARY_FAILURE","07f79284-45be-4e32-9554-1ce6a5fff12b","","","",""
"Amit","1001","8192324","default","2017-08-24 10:11:51","","2017-08-24 10:12:34","43","0","RECOVERY_ON_TIMER_EXPIRE","74e094ce-bfce-48f4-a12d-ae904726d970","","1001","",""
"Amit","1001","8192324","default","2017-08-24 10:12:42","","2017-08-24 10:13:24","42","0","RECOVERY_ON_TIMER_EXPIRE","3ba3ab4b-69c0-4b05-8b08-5c3c0b525c30","","1001","",""
"Amit","1001","8192324","default","2017-08-24 10:14:08","","2017-08-24 10:14:51","43","0","RECOVERY_ON_TIMER_EXPIRE","9594f620-26d0-40db-a363-1447def2cc26","","1001","",""
"Amit","1001","8192324","default","2017-08-24 10:20:14","","2017-08-24 10:20:56","42","0","RECOVERY_ON_TIMER_EXPIRE","28b6cf8a-6448-4601-8544-4f18b5cf151a","","1001","",""
"Amit","1001","8192324","default","2017-08-24 10:21:02","","2017-08-24 10:21:44","42","0","RECOVERY_ON_TIMER_EXPIRE","926e1915-79f0-42e7-b1f4-d5b756dbb367","","1001","",""
"Amit","1001","81932324","default","2017-08-24 10:26:14","","2017-08-24 10:26:24","10","0","NORMAL_CLEARING","df68c3d9-f20a-45d1-9363-f84a22c22cc7","","1001","",""
"Amit","1001","81932324","default","2017-08-24 11:37:30","","2017-08-24 11:37:40","10","0","NORMAL_CLEARING","ff825200-c92d-4187-b922-f86aa572832c","","1001","",""
"Amit","1001","81932324","default","2017-08-28 12:58:11","","2017-08-28 12:58:21","10","0","ORIGINATOR_CANCEL","99e2e51c-85b2-428e-b148-45df21e22fbe","","1001","",""
"Amit","1001","8192324","default","2017-08-28 12:58:24","","2017-08-28 12:59:07","43","0","RECOVERY_ON_TIMER_EXPIRE","715df651-3414-45b8-a522-d901571181fc","","1001","",""
"Amit","1001","8192324","default","2017-08-28 13:13:25","","2017-08-28 13:13:28","3","0","ORIGINATOR_CANCEL","dfed055a-dbdf-415d-8eaa-2823f40532f1","","1001","",""
"Amit","1001","8192324","default","2017-08-28 13:18:45","","2017-08-28 13:19:28","43","0","RECOVERY_ON_TIMER_EXPIRE","2d1a9892-4cf5-43c7-b7a6-6214350864a7","","1001","",""
"Amit","1001","8192324","default","2017-08-28 13:23:56","","2017-08-28 13:24:39","43","0","RECOVERY_ON_TIMER_EXPIRE","f188e1c4-c746-4020-8b6f-5c801ecfa711","","1001","",""
"Amit","1001","8192324","default","2017-08-28 16:30:17","","2017-08-28 16:30:55","38","0","ORIGINATOR_CANCEL","20d34f0e-3945-4a5f-95b6-c07ceb586157","","1001","",""
"Amit","1001","8192324","default","2017-08-28 16:30:58","","2017-08-28 16:31:40","42","0","RECOVERY_ON_TIMER_EXPIRE","d6b24c90-1f4e-4f36-a616-f1ad2a39d0fe","","1001","",""
"Amit","1001","8888","default","2017-08-28 16:43:33","","2017-08-28 16:43:43","10","0","NORMAL_CLEARING","c196fcde-c0d2-41e0-9220-3b5a76286fc6","","1001","",""
"Amit","1001","8888","default","2017-08-28 16:43:54","","2017-08-28 16:44:05","11","0","NORMAL_CLEARING","e98ce8a4-f470-4479-8b58-0b29e82d4d6c","","1001","",""
"Amit","1001","8888","default","2017-08-28 16:44:41","","2017-08-28 16:44:52","11","0","NORMAL_CLEARING","26b96f59-e68d-4ea9-af97-3debea827aad","","1001","",""
"Amit","1001","8888","default","2017-08-28 16:47:13","","2017-08-28 16:47:15","2","0","ORIGINATOR_CANCEL","3f21ed5e-145d-4362-843a-b5ebd93a7e33","","1001","",""
"Amit","1001","1002","default","2017-08-28 16:47:19","","2017-08-28 16:47:25","6","0","ORIGINATOR_CANCEL","92adb43b-6254-4c53-8bef-86a0a688df73","","1001","",""
"Amit","1001","1002","default","2017-08-28 16:47:44","","2017-08-28 16:47:46","2","0","ORIGINATOR_CANCEL","aeb90dd0-a3cd-497a-8470-b8daa9c25e1f","","1001","",""
"Amit","1001","1002","default","2017-08-28 16:48:08","2017-08-28 16:48:19","2017-08-28 16:48:26","18","7","NORMAL_CLEARING","cfdc5c28-ee7d-4f1f-aaca-02f820b934a8","66ba0d47-82eb-44c4-90ed-c0384d1431f7","1001","G722","G722"
"Extension 1001","1001","voicemail","default","2017-08-28 16:48:20","","2017-08-28 16:48:26","6","0","ORIGINATOR_CANCEL","f9b116f3-74e0-4db8-a6ee-17721cd29ae0","","","G722","G722"
"Amit","1001","8192324","default","2017-08-28 16:52:36","","2017-08-28 16:53:19","43","0","RECOVERY_ON_TIMER_EXPIRE","562d11d2-cba2-4d35-a088-01a89d070a3b","","1001","",""
"Amit","1001","8192324","default","2017-08-28 16:55:43","","2017-08-28 16:56:25","42","0","RECOVERY_ON_TIMER_EXPIRE","228ae438-9c53-47e4-93d5-ae0cfad29f32","","1001","",""
"FreeSWITCH","0000000000","sip:8192324@sip.iptel.org","default","2017-08-28 18:17:55","2017-08-28 18:17:56","2017-08-28 18:18:08","13","12","NORMAL_CLEARING","59127d13-ea97-4412-9b80-14ba180f2c15","","","L16","L16"
"1001","1001","1002","default","2017-08-28 18:21:08","2017-08-28 18:21:23","2017-08-28 18:21:54","46","31","NORMAL_CLEARING","b31ce8eb-d82c-46d2-ac74-62cb90f012e4","fc16120d-cf4c-4a92-858e-412c6b5420d7","1001","opus","opus"
"Extension 1001","1001","voicemail","default","2017-08-28 18:21:24","","2017-08-28 18:21:54","30","0","ORIGINATOR_CANCEL","c028323e-3fb7-4b23-a004-483db3742c06","","","opus","opus"
"Amit","1002","8192324","default","2017-08-28 18:21:26","","2017-08-28 18:22:09","43","0","RECOVERY_ON_TIMER_EXPIRE","80b64219-8ddc-4a6d-b308-49f447cc3845","","1002","",""
"Amit","1002","8192324","default","2017-08-28 18:22:13","","2017-08-28 18:22:27","14","0","ORIGINATOR_CANCEL","ff9ee124-a4c5-4efd-8037-f272c1af3105","","1002","",""
"Amit","1002","1001","default","2017-08-28 18:31:49","2017-08-28 18:31:49","2017-08-28 18:31:58","9","9","NORMAL_CLEARING","da3029f4-fe0f-4fe5-8f5a-dedf85b8e626","ca6ac518-aebf-4d9c-be22-81bd0acb778e","1002","G722","G722"
"Extension 1002","1002","voicemail","default","2017-08-28 18:31:50","","2017-08-28 18:31:58","8","0","ORIGINATOR_CANCEL","0d0b4e79-7c0f-49a1-893d-0e6aef68a7e1","","","G722","G722"
"Amit","1002","8192324","default","2017-08-28 18:38:48","","2017-08-28 18:39:16","28","0","ORIGINATOR_CANCEL","e2cf9807-3b87-4a1b-869a-56eb444d531c","","1002","",""
"Amit","1002","8192324","default","2017-08-28 18:40:07","","2017-08-28 18:40:10","3","0","ORIGINATOR_CANCEL","780ebea5-44c5-451b-9993-43ded28545ee","","1002","",""
"Amit","1002","8192324","default","2017-08-28 18:40:26","","2017-08-28 18:40:54","28","0","ORIGINATOR_CANCEL","11e0e7e2-f5c1-4d93-9d10-65ea0bdf15c6","","1002","",""
"Amit","1002","8192324","default","2017-08-28 18:41:12","","2017-08-28 18:41:44","32","0","RECOVERY_ON_TIMER_EXPIRE","998dbddb-4bb6-49fa-94d9-1ea3b70791a5","","1002","",""
"Amit","1002","9888","default","2017-08-28 18:44:31","2017-08-28 18:44:34","2017-08-28 18:46:51","140","137","NORMAL_CLEARING","0c43b182-390f-4cb3-bed3-7463ae0d3bbd","a390503d-70eb-437c-9b32-934095556c4d","1002","G722","G722"
"1001","1001","9888","default","2017-08-28 18:45:53","2017-08-28 18:45:53","2017-08-28 18:46:59","66","66","NORMAL_CLEARING","684f6993-8889-43ca-804e-36601329b985","7575582b-a647-4f6f-9be9-1cf88717335c","1001","opus","opus"
"1001","1001","819232","default","2017-08-28 19:21:01","","2017-08-28 19:21:01","0","0","NORMAL_CLEARING","a647e8bd-d3c3-4810-8d20-b65c0c4adbe7","","1001","",""
"1001","1001","8192324","default","2017-08-28 19:21:55","","2017-08-28 19:22:28","33","0","RECOVERY_ON_TIMER_EXPIRE","197169ea-2298-4e60-9ba1-dd15b70d0d89","","1001","",""
"Amit","1002","8192324","default","2017-08-28 19:22:57","","2017-08-28 19:22:59","2","0","ORIGINATOR_CANCEL","652caba7-d256-412b-b19c-7f4b2db30e17","","1002","",""
"Extension 1004","1004","voicemail","default","2017-08-28 19:31:33","","2017-08-28 19:31:50","17","0","ORIGINATOR_CANCEL","5e3c62ca-e39c-43ed-be52-f111e0cbaba1","","","opus","opus"
"1004","1004","1002","default","2017-08-28 19:31:26","2017-08-28 19:31:32","2017-08-28 19:31:50","24","18","NORMAL_CLEARING","77208938-98a3-4e64-99fb-995b5acddc0d","16e44dde-6bee-4f18-8627-ed3750ed2c24","1004","opus","opus"
"1004","1004","8192324","public","2017-08-28 19:32:23","","2017-08-28 19:32:23","0","0","NORMAL_CLEARING","df3956b0-0e67-42f2-b52d-d238155ae6b4","","","",""
"1004","1004","8192324","public","2017-08-28 19:32:59","","2017-08-28 19:32:59","0","0","NORMAL_CLEARING","9b61795a-112e-4128-a693-0ed7f4285716","","","",""
"1004","1004","1001","default","2017-08-28 19:35:00","","2017-08-28 19:35:07","7","0","ORIGINATOR_CANCEL","0fadcc53-103d-4ff3-aafc-eee43aed03be","","1004","opus","opus"
"FreeSWITCH","0000000000","9888","default","2017-08-28 19:56:33","2017-08-28 19:56:35","2017-08-28 19:56:38","5","3","INCOMPATIBLE_DESTINATION","9914e5bc-d507-4ce9-9965-15a78ab92135","","","L16","L16"
"Amit","1002","904","default","2017-08-28 20:02:59","","2017-08-28 20:02:59","0","0","NORMAL_CLEARING","0e865b49-68e7-4471-b1f5-58ab589909f9","","1002","",""
"Amit","1002","8192324","default","2017-08-28 20:03:18","","2017-08-28 20:03:33","15","0","ORIGINATOR_CANCEL","5020ddd8-68a0-4f3e-9390-690600999dec","","1002","",""
"Amit","1002","8192324","default","2017-08-28 20:03:40","","2017-08-28 20:04:12","32","0","RECOVERY_ON_TIMER_EXPIRE","a979570b-c905-4155-81f1-1a6d0c3ca8ba","","1002","",""
"Amit","1002","8192324","default","2017-08-28 20:04:37","","2017-08-28 20:04:50","13","0","ORIGINATOR_CANCEL","ecd0e8b5-bf1e-463b-818c-43f2bc6831ee","","1002","",""
"Amit","1002","8192324","default","2017-08-28 20:04:58","","2017-08-28 20:05:24","26","0","ORIGINATOR_CANCEL","e7a3dcb1-33fc-45e4-8aa7-33182435cc0b","","1002","",""
"Amit","1002","1001","default","2017-08-28 20:05:29","","2017-08-28 20:05:35","6","0","ORIGINATOR_CANCEL","ae6ac722-e9ac-4885-bf63-cfeef6400f16","","1002","G722","G722"
"1001","1001","8192324","default","2017-08-28 20:07:23","","2017-08-28 20:07:41","18","0","ORIGINATOR_CANCEL","a3d8dce2-0b65-4073-81ba-5f70a90c3198","","1001","",""
"Extension 1001","1001","voicemail","default","2018-01-19 08:52:30","","2018-01-19 08:52:43","13","0","ORIGINATOR_CANCEL","beeaaf90-ae53-4fcf-8fad-da022000b0ed","","","opus","opus"
"1001","1001","1002","default","2018-01-19 08:52:29","2018-01-19 08:52:29","2018-01-19 08:52:43","14","14","NORMAL_CLEARING","6fe3d7b2-c913-49d2-a641-ec86c3fad214","c1184669-3d3e-4e72-ba39-7d156bc46279","1001","opus","opus"
"Extension 1004","1004","voicemail","default","2018-01-20 16:12:46","","2018-01-20 16:12:55","9","0","ORIGINATOR_CANCEL","29edccd7-ac6d-4b40-869d-6451dba4466f","","","opus","opus"
"1004","1004","1002","default","2018-01-20 16:12:45","2018-01-20 16:12:45","2018-01-20 16:12:55","10","10","NORMAL_CLEARING","ffedf77b-d66a-40ab-8881-55109076dc91","40ac1d32-e018-4058-90f4-c5d34fc37e54","1004","opus","opus"
"1004","1004","1001","default","2018-01-20 16:13:16","2018-01-20 16:13:28","2018-01-20 16:13:31","15","3","NORMAL_CLEARING","d5de9e98-8a4b-40bd-acc5-22a7226193f2","f585a74c-72ab-4fdb-818a-2b847dc5772f","1004","opus","opus"
